GROUP,PACKAGE,CLASS,INSTRUCTION_MISSED,INSTRUCTION_COVERED,BRANCH_MISSED,BRANCH_COVERED,LINE_MISSED,LINE_COVERED,COMPLEXITY_MISSED,COMPLEXITY_COVERED,METHOD_MISSED,METHOD_COVERED
ims,com.qa.ims.exceptions,CustomerNotFoundException,3,0,0,0,1,0,1,0,1,0
ims,com.qa.ims.controller,ItemController,0,215,0,2,0,49,0,7,0,6
ims,com.qa.ims.controller,Action,119,0,4,0,19,0,7,0,5,0
ims,com.qa.ims.controller,CustomerController,0,143,0,2,0,32,0,7,0,6
ims,com.qa.ims.controller,OrderController,53,251,5,7,8,58,6,10,1,9
ims,com.qa.ims,IMS,183,0,17,0,54,0,18,0,6,0
ims,com.qa.ims,Runner,29,0,0,0,6,0,3,0,3,0
ims,com.qa.ims.persistence.dao,OrderItemsDAO,176,177,2,2,56,43,4,10,3,9
ims,com.qa.ims.persistence.dao,CustomerDAO,57,176,0,2,21,46,0,10,0,9
ims,com.qa.ims.persistence.dao,OrderDAO,57,169,0,2,21,44,0,10,0,9
ims,com.qa.ims.persistence.dao,ItemDAO,57,236,0,2,21,58,0,10,0,9
ims,com.qa.ims.utils,DBUtils,26,152,1,3,10,32,2,12,1,11
ims,com.qa.ims.utils,Utils,98,3,8,0,43,1,11,1,7,1
ims,com.qa.ims.persistence.domain,Order,25,72,4,6,5,18,6,8,2,7
ims,com.qa.ims.persistence.domain,Domain,105,0,2,0,17,0,6,0,5,0
ims,com.qa.ims.persistence.domain,Item,50,193,9,11,5,45,11,18,2,17
ims,com.qa.ims.persistence.domain,Customer,24,98,5,7,3,26,6,11,1,10
ims,com.qa.ims.persistence.domain,OrderItems,69,55,6,6,15,14,12,5,6,5
